"Iteration","Result","ElapsedTimeMs"
"10","103.162277660168","3007"
"9","84","3001"
"8","66.8284271247462","3006"
"7","51.6457513110646","3010"
"6","38.4494897427832","3002"
"5","27.2360679774998","3005"
"4","18","3002"
"3","10.7320508075689","3003"
"2","5.41421356237309","3009"
"1","2","3004"
